rat,rat_par0,with_Ui,psi0
rel_elev,-2.80162,TRUE,0.5
"sp(rel_elev,8)",-1.99807,,
"sp(rel_elev,22)",-1.42026,,
dist_trash,-2.94262,,
"sp(dist_trash,50)",-2.19709,,
lc_30m_imperv,-0.40946,,
,0.85683,,
,0.31342,,
,0.9724,,
,0.94018,,
,0.391644506,,
,-0.683740399,,
,0.25285668,,
,-0.465008871,,
,0.51659856,,
,-0.135870366,,
,4,,